"observer_id","window_id","location_name","location_type","observation_date","time","latitude","longitude","origin_lat","origin_lon","locality_id","locality","locality_type","state"
"sim_obs_TX_001","Example State University_1","Example State University","campus","2020-07-18","06:24:00",30.2672,-97.7431,30.2672,-97.7431,"L723843","Example State University","H","TX"
"sim_obs_TX_001","Example State University_1","Example State University","campus","2020-07-15","15:48:00",30.30821,-97.75155,30.2672,-97.7431,"L326904","Personal Location 7","P","TX"
"sim_obs_TX_001","Example State University_1","Example State University","campus","2020-07-18","09:25:00",30.27927,-97.66229,30.2672,-97.7431,"L629690","Example Hotspot 9","H","TX"
"sim_obs_TX_001","Example State University_1","Example State University","campus","2020-07-17","10:30:00",30.25659,-97.6759,30.2672,-97.7431,"L865799","Personal Location 34","P","TX"
"sim_obs_TX_001","Example State University_1","Example State University","campus","2020-07-16","15:32:00",30.20873,-97.66178,30.2672,-97.7431,"L718119","Personal Location 43","P","TX"
"sim_obs_TX_001","Example State University_2","Example State University","campus","2022-08-11","11:17:00",30.2672,-97.7431,30.2672,-97.7431,"L908283","Example State University","H","TX"
"sim_obs_TX_001","Example State University_2","Example State University","campus","2022-08-12","09:33:00",30.17499,-97.69334,30.2672,-97.7431,"L526928","Personal Location 24","P","TX"
"sim_obs_TX_001","Example State University_2","Example State University","campus","2022-08-12","15:49:00",30.2805,-97.67316,30.2672,-97.7431,"L276501","Example Hotspot 20","H","TX"
"sim_obs_TX_001","Example State University_2","Example State University","campus","2022-08-12","07:54:00",30.21048,-97.74722,30.2672,-97.7431,"L386752","Example Hotspot 8","H","TX"
"sim_obs_TX_001","Example State University_2","Example State University","campus","2022-08-08","12:35:00",30.19878,-97.77129,30.2672,-97.7431,"L836211","Personal Location 29","P","TX"
"sim_obs_TX_001","Example State University_3","Example State University","campus","2023-12-08","08:28:00",30.2672,-97.7431,30.2672,-97.7431,"L881559","Example State University","H","TX"
"sim_obs_TX_001","Example State University_3","Example State University","campus","2023-12-11","10:27:00",30.31599,-97.71927,30.2672,-97.7431,"L125489","Personal Location 24","P","TX"
"sim_obs_TX_001","Example State University_3","Example State University","campus","2023-12-10","13:54:00",30.27435,-97.84265,30.2672,-97.7431,"L528329","Personal Location 36","P","TX"
"sim_obs_TX_001","Example State University_3","Example State University","campus","2023-12-07","16:12:00",30.28963,-97.67731,30.2672,-97.7431,"L474843","Example Hotspot 16","H","TX"
"sim_obs_TX_001","Example State University_3","Example State University","campus","2023-12-10","06:43:00",30.2139,-97.6982,30.2672,-97.7431,"L680025","Personal Location 43","P","TX"
"sim_obs_TX_002","Example State University_1","Example State University","campus","2022-02-13","12:37:00",30.2672,-97.7431,30.2672,-97.7431,"L105260","Example State University","H","TX"
"sim_obs_TX_002","Example State University_1","Example State University","campus","2022-02-14","10:08:00",30.33065,-97.80907,30.2672,-97.7431,"L736969","Personal Location 43","P","TX"
"sim_obs_TX_002","Example State University_1","Example State University","campus","2022-02-09","16:56:00",30.32237,-97.80553,30.2672,-97.7431,"L991405","Example Hotspot 17","H","TX"
"sim_obs_TX_002","Example State University_1","Example State University","campus","2022-02-15","11:55:00",30.25758,-97.77969,30.2672,-97.7431,"L108945","Example Hotspot 5","H","TX"
"sim_obs_TX_002","Example State University_1","Example State University","campus","2022-02-15","07:29:00",30.32101,-97.65949,30.2672,-97.7431,"L356763","Personal Location 38","P","TX"
"sim_obs_TX_002","Example State University_2","Example State University","campus","2021-02-22","15:22:00",30.2672,-97.7431,30.2672,-97.7431,"L829341","Example State University","H","TX"
"sim_obs_TX_002","Example State University_2","Example State University","campus","2021-02-24","15:40:00",30.18966,-97.69446,30.2672,-97.7431,"L221368","Personal Location 24","P","TX"
"sim_obs_TX_002","Example State University_2","Example State University","campus","2021-02-24","16:13:00",30.21769,-97.79116,30.2672,-97.7431,"L661947","Example Hotspot 10","H","TX"
"sim_obs_TX_002","Example State University_2","Example State University","campus","2021-02-26","10:09:00",30.2652,-97.80877,30.2672,-97.7431,"L833049","Example Hotspot 3","H","TX"
"sim_obs_TX_002","Example State University_2","Example State University","campus","2021-02-21","10:34:00",30.199,-97.78228,30.2672,-97.7431,"L812371","Example Hotspot 13","H","TX"
"sim_obs_TX_002","Example State University_3","Example State University","campus","2023-03-10","16:26:00",30.2672,-97.7431,30.2672,-97.7431,"L987987","Example State University","H","TX"
"sim_obs_TX_002","Example State University_3","Example State University","campus","2023-03-13","09:10:00",30.26705,-97.65499,30.2672,-97.7431,"L828126","Example Hotspot 13","H","TX"
"sim_obs_TX_002","Example State University_3","Example State University","campus","2023-03-10","18:51:00",30.31017,-97.81844,30.2672,-97.7431,"L240004","Example Hotspot 2","H","TX"
"sim_obs_TX_002","Example State University_3","Example State University","campus","2023-03-14","17:00:00",30.34424,-97.77576,30.2672,-97.7431,"L439958","Example Hotspot 5","H","TX"
"sim_obs_TX_002","Example State University_3","Example State University","campus","2023-03-11","12:08:00",30.2351,-97.83717,30.2672,-97.7431,"L387470","Personal Location 18","P","TX"
"sim_obs_TX_003","Example State University_1","Example State University","campus","2022-08-03","18:56:00",30.2672,-97.7431,30.2672,-97.7431,"L328312","Example State University","H","TX"
"sim_obs_TX_003","Example State University_1","Example State University","campus","2022-08-05","13:32:00",30.35332,-97.76466,30.2672,-97.7431,"L434745","Example Hotspot 9","H","TX"
"sim_obs_TX_003","Example State University_1","Example State University","campus","2022-08-05","11:19:00",30.20955,-97.657,30.2672,-97.7431,"L390346","Example Hotspot 13","H","TX"
"sim_obs_TX_003","Example State University_1","Example State University","campus","2022-08-06","10:33:00",30.28016,-97.65607,30.2672,-97.7431,"L755515","Example Hotspot 14","H","TX"
"sim_obs_TX_003","Example State University_1","Example State University","campus","2022-08-01","12:33:00",30.26327,-97.73633,30.2672,-97.7431,"L545552","Example Hotspot 20","H","TX"
"sim_obs_TX_003","Example State University_2","Example State University","campus","2021-11-21","10:21:00",30.2672,-97.7431,30.2672,-97.7431,"L349457","Example State University","H","TX"
"sim_obs_TX_003","Example State University_2","Example State University","campus","2021-11-17","14:10:00",30.18193,-97.81017,30.2672,-97.7431,"L720658","Personal Location 9","P","TX"
"sim_obs_TX_003","Example State University_2","Example State University","campus","2021-11-16","16:18:00",30.36318,-97.71433,30.2672,-97.7431,"L453240","Example Hotspot 10","H","TX"
"sim_obs_TX_003","Example State University_2","Example State University","campus","2021-11-21","16:48:00",30.31885,-97.82222,30.2672,-97.7431,"L369253","Personal Location 44","P","TX"
"sim_obs_TX_003","Example State University_2","Example State University","campus","2021-11-22","14:09:00",30.26122,-97.7701,30.2672,-97.7431,"L958379","Example Hotspot 7","H","TX"
"sim_obs_TX_003","Example State University_3","Example State University","campus","2023-09-15","15:56:00",30.2672,-97.7431,30.2672,-97.7431,"L667332","Example State University","H","TX"
"sim_obs_TX_003","Example State University_3","Example State University","campus","2023-09-14","08:33:00",30.36025,-97.66171,30.2672,-97.7431,"L337943","Example Hotspot 16","H","TX"
"sim_obs_TX_003","Example State University_3","Example State University","campus","2023-09-17","13:37:00",30.36326,-97.79011,30.2672,-97.7431,"L727936","Example Hotspot 11","H","TX"
"sim_obs_TX_003","Example State University_3","Example State University","campus","2023-09-15","17:32:00",30.21904,-97.68752,30.2672,-97.7431,"L491851","Example Hotspot 6","H","TX"
"sim_obs_TX_003","Example State University_3","Example State University","campus","2023-09-17","12:43:00",30.23518,-97.70512,30.2672,-97.7431,"L522540","Example Hotspot 18","H","TX"
"sim_obs_TX_004","Example State University_1","Example State University","campus","2022-11-07","11:01:00",30.2672,-97.7431,30.2672,-97.7431,"L827426","Example State University","H","TX"
"sim_obs_TX_004","Example State University_1","Example State University","campus","2022-11-02","18:19:00",30.33823,-97.78292,30.2672,-97.7431,"L536850","Example Hotspot 10","H","TX"
"sim_obs_TX_004","Example State University_1","Example State University","campus","2022-11-05","07:24:00",30.30659,-97.71124,30.2672,-97.7431,"L548642","Example Hotspot 19","H","TX"
"sim_obs_TX_004","Example State University_1","Example State University","campus","2022-11-07","18:19:00",30.18178,-97.82015,30.2672,-97.7431,"L191346","Personal Location 17","P","TX"
"sim_obs_TX_004","Example State University_1","Example State University","campus","2022-11-07","06:29:00",30.34946,-97.65276,30.2672,-97.7431,"L290450","Example Hotspot 18","H","TX"
"sim_obs_TX_004","Example State University_2","Example State University","campus","2022-01-03","15:03:00",30.2672,-97.7431,30.2672,-97.7431,"L683001","Example State University","H","TX"
"sim_obs_TX_004","Example State University_2","Example State University","campus","2022-01-06","12:32:00",30.18394,-97.83337,30.2672,-97.7431,"L263141","Personal Location 44","P","TX"
"sim_obs_TX_004","Example State University_2","Example State University","campus","2022-01-05","14:29:00",30.20034,-97.83654,30.2672,-97.7431,"L435240","Example Hotspot 2","H","TX"
"sim_obs_TX_004","Example State University_2","Example State University","campus","2022-01-04","11:30:00",30.2178,-97.81298,30.2672,-97.7431,"L634409","Personal Location 42","P","TX"
"sim_obs_TX_004","Example State University_2","Example State University","campus","2022-01-02","17:21:00",30.32892,-97.65645,30.2672,-97.7431,"L276314","Personal Location 4","P","TX"
"sim_obs_TX_004","Example State University_3","Example State University","campus","2019-02-27","18:58:00",30.2672,-97.7431,30.2672,-97.7431,"L377161","Example State University","H","TX"
"sim_obs_TX_004","Example State University_3","Example State University","campus","2019-02-27","09:33:00",30.18621,-97.84241,30.2672,-97.7431,"L687290","Example Hotspot 20","H","TX"
"sim_obs_TX_004","Example State University_3","Example State University","campus","2019-02-27","08:30:00",30.30059,-97.79813,30.2672,-97.7431,"L571806","Example Hotspot 1","H","TX"
"sim_obs_TX_004","Example State University_3","Example State University","campus","2019-02-25","10:36:00",30.18577,-97.65981,30.2672,-97.7431,"L807464","Example Hotspot 4","H","TX"
"sim_obs_TX_004","Example State University_3","Example State University","campus","2019-02-28","15:11:00",30.31469,-97.79277,30.2672,-97.7431,"L506581","Example Hotspot 11","H","TX"
"sim_obs_TX_005","Example State University_1","Example State University","campus","2023-05-14","07:15:00",30.2672,-97.7431,30.2672,-97.7431,"L953720","Example State University","H","TX"
"sim_obs_TX_005","Example State University_1","Example State University","campus","2023-05-15","06:37:00",30.30164,-97.71401,30.2672,-97.7431,"L951517","Example Hotspot 10","H","TX"
"sim_obs_TX_005","Example State University_1","Example State University","campus","2023-05-17","06:10:00",30.33394,-97.7563,30.2672,-97.7431,"L790668","Personal Location 10","P","TX"
"sim_obs_TX_005","Example State University_1","Example State University","campus","2023-05-18","06:46:00",30.26683,-97.78655,30.2672,-97.7431,"L852218","Personal Location 10","P","TX"
"sim_obs_TX_005","Example State University_1","Example State University","campus","2023-05-15","13:24:00",30.27188,-97.74772,30.2672,-97.7431,"L238039","Example Hotspot 12","H","TX"
"sim_obs_TX_005","Example State University_2","Example State University","campus","2022-06-05","12:02:00",30.2672,-97.7431,30.2672,-97.7431,"L704500","Example State University","H","TX"
"sim_obs_TX_005","Example State University_2","Example State University","campus","2022-06-02","12:18:00",30.22002,-97.75781,30.2672,-97.7431,"L572924","Personal Location 46","P","TX"
"sim_obs_TX_005","Example State University_2","Example State University","campus","2022-06-06","16:44:00",30.27102,-97.67266,30.2672,-97.7431,"L530899","Personal Location 34","P","TX"
"sim_obs_TX_005","Example State University_2","Example State University","campus","2022-06-05","10:42:00",30.26718,-97.77227,30.2672,-97.7431,"L162580","Personal Location 26","P","TX"
"sim_obs_TX_005","Example State University_2","Example State University","campus","2022-06-06","11:57:00",30.26336,-97.80274,30.2672,-97.7431,"L879948","Example Hotspot 12","H","TX"
"sim_obs_TX_005","Example State University_3","Example State University","campus","2023-02-04","10:32:00",30.2672,-97.7431,30.2672,-97.7431,"L783111","Example State University","H","TX"
"sim_obs_TX_005","Example State University_3","Example State University","campus","2023-02-02","07:37:00",30.18374,-97.7642,30.2672,-97.7431,"L838860","Example Hotspot 3","H","TX"
"sim_obs_TX_005","Example State University_3","Example State University","campus","2023-01-31","18:44:00",30.35824,-97.77672,30.2672,-97.7431,"L463621","Personal Location 45","P","TX"
"sim_obs_TX_005","Example State University_3","Example State University","campus","2023-01-30","10:22:00",30.3086,-97.73614,30.2672,-97.7431,"L802358","Personal Location 11","P","TX"
"sim_obs_TX_005","Example State University_3","Example State University","campus","2023-01-29","11:14:00",30.22678,-97.77807,30.2672,-97.7431,"L715111","Example Hotspot 11","H","TX"
"sim_obs_KS_006","Example Tech College_1","Example Tech College","campus","2022-06-03","08:44:00",38.9717,-95.2353,38.9717,-95.2353,"L300374","Example Tech College","H","KS"
"sim_obs_KS_006","Example Tech College_1","Example Tech College","campus","2022-06-02","14:47:00",38.94536,-95.24737,38.9717,-95.2353,"L556020","Example Hotspot 18","H","KS"
"sim_obs_KS_006","Example Tech College_1","Example Tech College","campus","2022-06-04","13:19:00",38.93953,-95.20061,38.9717,-95.2353,"L289553","Personal Location 3","P","KS"
"sim_obs_KS_006","Example Tech College_1","Example Tech College","campus","2022-06-01","18:11:00",38.9472,-95.28632,38.9717,-95.2353,"L175239","Example Hotspot 10","H","KS"
"sim_obs_KS_006","Example Tech College_1","Example Tech College","campus","2022-05-31","18:06:00",39.01294,-95.30714,38.9717,-95.2353,"L192302","Example Hotspot 5","H","KS"
"sim_obs_KS_006","Example Tech College_2","Example Tech College","campus","2021-12-01","10:25:00",38.9717,-95.2353,38.9717,-95.2353,"L147515","Example Tech College","H","KS"
"sim_obs_KS_006","Example Tech College_2","Example Tech College","campus","2021-11-27","16:53:00",39.02253,-95.14492,38.9717,-95.2353,"L169835","Personal Location 45","P","KS"
"sim_obs_KS_006","Example Tech College_2","Example Tech College","campus","2021-12-01","08:19:00",38.99814,-95.2573,38.9717,-95.2353,"L864854","Example Hotspot 20","H","KS"
"sim_obs_KS_006","Example Tech College_2","Example Tech College","campus","2021-12-01","06:55:00",38.95153,-95.30614,38.9717,-95.2353,"L617729","Personal Location 50","P","KS"
"sim_obs_KS_006","Example Tech College_2","Example Tech College","campus","2021-12-01","10:41:00",38.90377,-95.23139,38.9717,-95.2353,"L175953","Example Hotspot 18","H","KS"
"sim_obs_KS_006","Example Tech College_3","Example Tech College","campus","2021-07-31","13:50:00",38.9717,-95.2353,38.9717,-95.2353,"L619709","Example Tech College","H","KS"
"sim_obs_KS_006","Example Tech College_3","Example Tech College","campus","2021-08-03","08:33:00",38.91994,-95.20633,38.9717,-95.2353,"L901273","Example Hotspot 19","H","KS"
"sim_obs_KS_006","Example Tech College_3","Example Tech College","campus","2021-08-02","07:39:00",38.95224,-95.33244,38.9717,-95.2353,"L444963","Example Hotspot 2","H","KS"
"sim_obs_KS_006","Example Tech College_3","Example Tech College","campus","2021-08-06","06:43:00",39.02909,-95.17391,38.9717,-95.2353,"L633310","Example Hotspot 7","H","KS"
"sim_obs_KS_006","Example Tech College_3","Example Tech College","campus","2021-08-05","08:20:00",38.90601,-95.23107,38.9717,-95.2353,"L143873","Personal Location 44","P","KS"
"sim_obs_KS_007","Example Tech College_1","Example Tech College","campus","2020-01-13","06:03:00",38.9717,-95.2353,38.9717,-95.2353,"L950546","Example Tech College","H","KS"
"sim_obs_KS_007","Example Tech College_1","Example Tech College","campus","2020-01-07","17:16:00",38.93548,-95.16443,38.9717,-95.2353,"L257369","Example Hotspot 8","H","KS"
"sim_obs_KS_007","Example Tech College_1","Example Tech College","campus","2020-01-11","07:54:00",39.05677,-95.22033,38.9717,-95.2353,"L741887","Personal Location 28","P","KS"
"sim_obs_KS_007","Example Tech College_1","Example Tech College","campus","2020-01-12","16:32:00",38.89123,-95.16948,38.9717,-95.2353,"L846474","Personal Location 32","P","KS"
"sim_obs_KS_007","Example Tech College_1","Example Tech College","campus","2020-01-13","14:29:00",38.87908,-95.25511,38.9717,-95.2353,"L646786","Example Hotspot 2","H","KS"
"sim_obs_KS_007","Example Tech College_2","Example Tech College","campus","2023-08-18","07:58:00",38.9717,-95.2353,38.9717,-95.2353,"L620828","Example Tech College","H","KS"
"sim_obs_KS_007","Example Tech College_2","Example Tech College","campus","2023-08-18","07:29:00",38.98778,-95.29264,38.9717,-95.2353,"L992487","Example Hotspot 20","H","KS"
"sim_obs_KS_007","Example Tech College_2","Example Tech College","campus","2023-08-17","14:57:00",38.96127,-95.23813,38.9717,-95.2353,"L821960","Personal Location 30","P","KS"
"sim_obs_KS_007","Example Tech College_2","Example Tech College","campus","2023-08-15","16:05:00",38.97098,-95.23252,38.9717,-95.2353,"L857397","Example Hotspot 6","H","KS"
"sim_obs_KS_007","Example Tech College_2","Example Tech College","campus","2023-08-15","16:58:00",38.93403,-95.18779,38.9717,-95.2353,"L152586","Example Hotspot 19","H","KS"
"sim_obs_KS_007","Example Tech College_3","Example Tech College","campus","2023-03-03","07:32:00",38.9717,-95.2353,38.9717,-95.2353,"L552261","Example Tech College","H","KS"
"sim_obs_KS_007","Example Tech College_3","Example Tech College","campus","2023-03-02","10:00:00",38.95245,-95.24606,38.9717,-95.2353,"L832867","Personal Location 18","P","KS"
"sim_obs_KS_007","Example Tech College_3","Example Tech College","campus","2023-03-07","12:13:00",38.89673,-95.24945,38.9717,-95.2353,"L589637","Example Hotspot 5","H","KS"
"sim_obs_KS_007","Example Tech College_3","Example Tech College","campus","2023-03-05","10:49:00",39.04819,-95.1852,38.9717,-95.2353,"L922362","Example Hotspot 9","H","KS"
"sim_obs_KS_007","Example Tech College_3","Example Tech College","campus","2023-03-05","16:38:00",39.04136,-95.32275,38.9717,-95.2353,"L737003","Personal Location 20","P","KS"
"sim_obs_KS_008","Example Tech College_1","Example Tech College","campus","2022-01-21","11:29:00",38.9717,-95.2353,38.9717,-95.2353,"L285801","Example Tech College","H","KS"
"sim_obs_KS_008","Example Tech College_1","Example Tech College","campus","2022-01-16","15:06:00",39.04521,-95.32742,38.9717,-95.2353,"L321107","Example Hotspot 2","H","KS"
"sim_obs_KS_008","Example Tech College_1","Example Tech College","campus","2022-01-22","06:57:00",38.90579,-95.32675,38.9717,-95.2353,"L328376","Example Hotspot 16","H","KS"
"sim_obs_KS_008","Example Tech College_1","Example Tech College","campus","2022-01-21","11:02:00",38.94557,-95.21047,38.9717,-95.2353,"L548456","Personal Location 44","P","KS"
"sim_obs_KS_008","Example Tech College_1","Example Tech College","campus","2022-01-21","08:35:00",38.89446,-95.19768,38.9717,-95.2353,"L446499","Example Hotspot 5","H","KS"
"sim_obs_KS_008","Example Tech College_2","Example Tech College","campus","2019-10-14","13:43:00",38.9717,-95.2353,38.9717,-95.2353,"L866475","Example Tech College","H","KS"
"sim_obs_KS_008","Example Tech College_2","Example Tech College","campus","2019-10-18","14:23:00",38.99573,-95.2224,38.9717,-95.2353,"L815222","Example Hotspot 9","H","KS"
"sim_obs_KS_008","Example Tech College_2","Example Tech College","campus","2019-10-15","18:48:00",38.95363,-95.14131,38.9717,-95.2353,"L232698","Example Hotspot 20","H","KS"
"sim_obs_KS_008","Example Tech College_2","Example Tech College","campus","2019-10-16","08:01:00",38.88075,-95.15199,38.9717,-95.2353,"L133091","Example Hotspot 18","H","KS"
"sim_obs_KS_008","Example Tech College_2","Example Tech College","campus","2019-10-13","10:34:00",38.88355,-95.20075,38.9717,-95.2353,"L994012","Personal Location 39","P","KS"
"sim_obs_KS_008","Example Tech College_3","Example Tech College","campus","2022-01-08","15:20:00",38.9717,-95.2353,38.9717,-95.2353,"L673094","Example Tech College","H","KS"
"sim_obs_KS_008","Example Tech College_3","Example Tech College","campus","2022-01-07","09:27:00",39.03032,-95.32388,38.9717,-95.2353,"L384985","Personal Location 24","P","KS"
"sim_obs_KS_008","Example Tech College_3","Example Tech College","campus","2022-01-04","09:10:00",39.02744,-95.32363,38.9717,-95.2353,"L821269","Example Hotspot 10","H","KS"
"sim_obs_KS_008","Example Tech College_3","Example Tech College","campus","2022-01-05","09:34:00",38.94727,-95.22926,38.9717,-95.2353,"L378002","Example Hotspot 16","H","KS"
"sim_obs_KS_008","Example Tech College_3","Example Tech College","campus","2022-01-02","16:00:00",38.89345,-95.16489,38.9717,-95.2353,"L984804","Example Hotspot 3","H","KS"
"sim_obs_KS_009","Example Tech College_1","Example Tech College","campus","2020-12-24","06:55:00",38.9717,-95.2353,38.9717,-95.2353,"L168233","Example Tech College","H","KS"
"sim_obs_KS_009","Example Tech College_1","Example Tech College","campus","2020-12-25","15:54:00",39.00325,-95.25029,38.9717,-95.2353,"L156833","Example Hotspot 9","H","KS"
"sim_obs_KS_009","Example Tech College_1","Example Tech College","campus","2020-12-26","12:26:00",39.06635,-95.23549,38.9717,-95.2353,"L278602","Personal Location 49","P","KS"
"sim_obs_KS_009","Example Tech College_1","Example Tech College","campus","2020-12-21","10:21:00",38.95207,-95.15482,38.9717,-95.2353,"L799335","Example Hotspot 6","H","KS"
"sim_obs_KS_009","Example Tech College_1","Example Tech College","campus","2020-12-26","11:08:00",38.96106,-95.25492,38.9717,-95.2353,"L676605","Example Hotspot 2","H","KS"
"sim_obs_KS_009","Example Tech College_2","Example Tech College","campus","2019-07-24","06:43:00",38.9717,-95.2353,38.9717,-95.2353,"L300035","Example Tech College","H","KS"
"sim_obs_KS_009","Example Tech College_2","Example Tech College","campus","2019-07-25","07:02:00",38.93259,-95.25484,38.9717,-95.2353,"L925546","Example Hotspot 18","H","KS"
"sim_obs_KS_009","Example Tech College_2","Example Tech College","campus","2019-07-26","10:19:00",38.89932,-95.16111,38.9717,-95.2353,"L875287","Example Hotspot 1","H","KS"
"sim_obs_KS_009","Example Tech College_2","Example Tech College","campus","2019-07-22","13:51:00",38.89177,-95.16698,38.9717,-95.2353,"L248469","Example Hotspot 10","H","KS"
"sim_obs_KS_009","Example Tech College_2","Example Tech College","campus","2019-07-24","12:43:00",38.90893,-95.18436,38.9717,-95.2353,"L865094","Personal Location 39","P","KS"
"sim_obs_KS_009","Example Tech College_3","Example Tech College","campus","2020-11-07","08:55:00",38.9717,-95.2353,38.9717,-95.2353,"L799873","Example Tech College","H","KS"
"sim_obs_KS_009","Example Tech College_3","Example Tech College","campus","2020-11-08","12:41:00",38.95345,-95.22108,38.9717,-95.2353,"L378789","Personal Location 12","P","KS"
"sim_obs_KS_009","Example Tech College_3","Example Tech College","campus","2020-11-07","06:58:00",39.0064,-95.29919,38.9717,-95.2353,"L675995","Personal Location 26","P","KS"
"sim_obs_KS_009","Example Tech College_3","Example Tech College","campus","2020-11-09","13:36:00",39.00296,-95.18594,38.9717,-95.2353,"L342910","Personal Location 50","P","KS"
"sim_obs_KS_009","Example Tech College_3","Example Tech College","campus","2020-11-12","07:32:00",38.94354,-95.19969,38.9717,-95.2353,"L436491","Example Hotspot 7","H","KS"
"sim_obs_KS_010","Example Tech College_1","Example Tech College","campus","2022-06-23","15:29:00",38.9717,-95.2353,38.9717,-95.2353,"L104376","Example Tech College","H","KS"
"sim_obs_KS_010","Example Tech College_1","Example Tech College","campus","2022-06-22","16:18:00",38.93784,-95.31558,38.9717,-95.2353,"L289766","Example Hotspot 8","H","KS"
"sim_obs_KS_010","Example Tech College_1","Example Tech College","campus","2022-06-22","12:15:00",39.02504,-95.16765,38.9717,-95.2353,"L990204","Personal Location 16","P","KS"
"sim_obs_KS_010","Example Tech College_1","Example Tech College","campus","2022-06-23","14:26:00",38.97349,-95.23231,38.9717,-95.2353,"L418564","Personal Location 18","P","KS"
"sim_obs_KS_010","Example Tech College_1","Example Tech College","campus","2022-06-27","15:49:00",38.98102,-95.29936,38.9717,-95.2353,"L823870","Personal Location 33","P","KS"
"sim_obs_KS_010","Example Tech College_2","Example Tech College","campus","2021-09-15","11:08:00",38.9717,-95.2353,38.9717,-95.2353,"L106032","Example Tech College","H","KS"
"sim_obs_KS_010","Example Tech College_2","Example Tech College","campus","2021-09-18","11:11:00",38.92703,-95.32387,38.9717,-95.2353,"L783195","Personal Location 28","P","KS"
"sim_obs_KS_010","Example Tech College_2","Example Tech College","campus","2021-09-19","08:52:00",38.94384,-95.1387,38.9717,-95.2353,"L105527","Example Hotspot 19","H","KS"
"sim_obs_KS_010","Example Tech College_2","Example Tech College","campus","2021-09-20","13:05:00",38.91402,-95.23109,38.9717,-95.2353,"L399262","Example Hotspot 20","H","KS"
"sim_obs_KS_010","Example Tech College_2","Example Tech College","campus","2021-09-18","16:26:00",39.00225,-95.2707,38.9717,-95.2353,"L503481","Example Hotspot 17","H","KS"
"sim_obs_KS_010","Example Tech College_3","Example Tech College","campus","2021-04-04","16:18:00",38.9717,-95.2353,38.9717,-95.2353,"L934641","Example Tech College","H","KS"
"sim_obs_KS_010","Example Tech College_3","Example Tech College","campus","2021-04-05","08:48:00",38.95128,-95.24403,38.9717,-95.2353,"L819884","Personal Location 33","P","KS"
"sim_obs_KS_010","Example Tech College_3","Example Tech College","campus","2021-04-09","18:06:00",39.04584,-95.27269,38.9717,-95.2353,"L647411","Personal Location 5","P","KS"
"sim_obs_KS_010","Example Tech College_3","Example Tech College","campus","2021-04-06","12:45:00",38.89598,-95.27071,38.9717,-95.2353,"L269921","Personal Location 48","P","KS"
"sim_obs_KS_010","Example Tech College_3","Example Tech College","campus","2021-04-09","12:09:00",38.99781,-95.16213,38.9717,-95.2353,"L256759","Personal Location 28","P","KS"
"sim_obs_OK_011","Example Community College_1","Example Community College","campus","2021-12-19","06:49:00",35.4676,-97.5164,35.4676,-97.5164,"L115497","Example Community College","H","OK"
"sim_obs_OK_011","Example Community College_1","Example Community College","campus","2021-12-17","13:24:00",35.39071,-97.48769,35.4676,-97.5164,"L778515","Personal Location 40","P","OK"
"sim_obs_OK_011","Example Community College_1","Example Community College","campus","2021-12-20","06:56:00",35.45967,-97.44879,35.4676,-97.5164,"L919552","Example Hotspot 19","H","OK"
"sim_obs_OK_011","Example Community College_1","Example Community College","campus","2021-12-19","06:37:00",35.55887,-97.51294,35.4676,-97.5164,"L555742","Example Hotspot 5","H","OK"
"sim_obs_OK_011","Example Community College_1","Example Community College","campus","2021-12-18","11:12:00",35.42701,-97.527,35.4676,-97.5164,"L868659","Example Hotspot 20","H","OK"
"sim_obs_OK_011","Example Community College_2","Example Community College","campus","2020-06-05","07:13:00",35.4676,-97.5164,35.4676,-97.5164,"L582781","Example Community College","H","OK"
"sim_obs_OK_011","Example Community College_2","Example Community College","campus","2020-06-04","07:52:00",35.36987,-97.53213,35.4676,-97.5164,"L880028","Personal Location 34","P","OK"
"sim_obs_OK_011","Example Community College_2","Example Community College","campus","2020-06-06","15:24:00",35.51306,-97.53549,35.4676,-97.5164,"L213706","Example Hotspot 18","H","OK"
"sim_obs_OK_011","Example Community College_2","Example Community College","campus","2020-06-03","18:07:00",35.54585,-97.55466,35.4676,-97.5164,"L700905","Personal Location 8","P","OK"
"sim_obs_OK_011","Example Community College_2","Example Community College","campus","2020-06-04","16:52:00",35.55542,-97.46274,35.4676,-97.5164,"L733461","Example Hotspot 2","H","OK"
"sim_obs_OK_011","Example Community College_3","Example Community College","campus","2020-01-03","09:47:00",35.4676,-97.5164,35.4676,-97.5164,"L568312","Example Community College","H","OK"
"sim_obs_OK_011","Example Community College_3","Example Community College","campus","2020-01-03","08:41:00",35.44954,-97.41678,35.4676,-97.5164,"L762901","Personal Location 23","P","OK"
"sim_obs_OK_011","Example Community College_3","Example Community College","campus","2020-01-02","09:58:00",35.55894,-97.56549,35.4676,-97.5164,"L910964","Example Hotspot 5","H","OK"
"sim_obs_OK_011","Example Community College_3","Example Community College","campus","2020-01-02","06:57:00",35.48808,-97.57743,35.4676,-97.5164,"L580347","Example Hotspot 10","H","OK"
"sim_obs_OK_011","Example Community College_3","Example Community College","campus","2020-01-02","11:57:00",35.46662,-97.58807,35.4676,-97.5164,"L463424","Personal Location 12","P","OK"
"sim_obs_OK_012","Example Community College_1","Example Community College","campus","2022-10-09","18:40:00",35.4676,-97.5164,35.4676,-97.5164,"L203942","Example Community College","H","OK"
"sim_obs_OK_012","Example Community College_1","Example Community College","campus","2022-10-06","17:05:00",35.47742,-97.54066,35.4676,-97.5164,"L607668","Example Hotspot 8","H","OK"
"sim_obs_OK_012","Example Community College_1","Example Community College","campus","2022-10-03","14:46:00",35.50597,-97.42719,35.4676,-97.5164,"L269635","Example Hotspot 1","H","OK"
"sim_obs_OK_012","Example Community College_1","Example Community College","campus","2022-10-07","06:00:00",35.46213,-97.61479,35.4676,-97.5164,"L636977","Personal Location 27","P","OK"
"sim_obs_OK_012","Example Community College_1","Example Community College","campus","2022-10-07","16:29:00",35.51236,-97.53505,35.4676,-97.5164,"L313224","Example Hotspot 10","H","OK"
"sim_obs_OK_012","Example Community College_2","Example Community College","campus","2020-05-04","11:42:00",35.4676,-97.5164,35.4676,-97.5164,"L427634","Example Community College","H","OK"
"sim_obs_OK_012","Example Community College_2","Example Community College","campus","2020-05-04","13:15:00",35.44589,-97.51655,35.4676,-97.5164,"L607767","Personal Location 42","P","OK"
"sim_obs_OK_012","Example Community College_2","Example Community College","campus","2020-05-02","13:52:00",35.52383,-97.54714,35.4676,-97.5164,"L700882","Example Hotspot 15","H","OK"
"sim_obs_OK_012","Example Community College_2","Example Community College","campus","2020-04-30","08:44:00",35.52069,-97.45207,35.4676,-97.5164,"L844873","Example Hotspot 3","H","OK"
"sim_obs_OK_012","Example Community College_2","Example Community College","campus","2020-05-03","18:26:00",35.44152,-97.57191,35.4676,-97.5164,"L757124","Personal Location 9","P","OK"
"sim_obs_OK_012","Example Community College_3","Example Community College","campus","2021-10-04","08:04:00",35.4676,-97.5164,35.4676,-97.5164,"L850794","Example Community College","H","OK"
"sim_obs_OK_012","Example Community College_3","Example Community College","campus","2021-10-07","10:07:00",35.52631,-97.54173,35.4676,-97.5164,"L586457","Personal Location 5","P","OK"
"sim_obs_OK_012","Example Community College_3","Example Community College","campus","2021-10-05","07:38:00",35.42862,-97.45318,35.4676,-97.5164,"L639247","Example Hotspot 10","H","OK"
"sim_obs_OK_012","Example Community College_3","Example Community College","campus","2021-10-05","07:11:00",35.46656,-97.59999,35.4676,-97.5164,"L299755","Example Hotspot 15","H","OK"
"sim_obs_OK_012","Example Community College_3","Example Community College","campus","2021-10-08","06:48:00",35.38401,-97.50489,35.4676,-97.5164,"L128675","Example Hotspot 10","H","OK"
"sim_obs_OK_013","Example Community College_1","Example Community College","campus","2022-12-05","12:09:00",35.4676,-97.5164,35.4676,-97.5164,"L290942","Example Community College","H","OK"
"sim_obs_OK_013","Example Community College_1","Example Community College","campus","2022-12-06","07:20:00",35.40528,-97.51261,35.4676,-97.5164,"L374799","Example Hotspot 11","H","OK"
"sim_obs_OK_013","Example Community College_1","Example Community College","campus","2022-12-07","09:50:00",35.43945,-97.59712,35.4676,-97.5164,"L531935","Personal Location 35","P","OK"
"sim_obs_OK_013","Example Community College_1","Example Community College","campus","2022-12-03","12:12:00",35.47367,-97.51656,35.4676,-97.5164,"L694873","Personal Location 25","P","OK"
"sim_obs_OK_013","Example Community College_1","Example Community College","campus","2022-12-05","12:37:00",35.44656,-97.47775,35.4676,-97.5164,"L727027","Example Hotspot 20","H","OK"
"sim_obs_OK_013","Example Community College_2","Example Community College","campus","2020-10-16","17:34:00",35.4676,-97.5164,35.4676,-97.5164,"L296398","Example Community College","H","OK"
"sim_obs_OK_013","Example Community College_2","Example Community College","campus","2020-10-16","08:30:00",35.56102,-97.50871,35.4676,-97.5164,"L754398","Personal Location 10","P","OK"
"sim_obs_OK_013","Example Community College_2","Example Community College","campus","2020-10-19","11:42:00",35.47405,-97.50534,35.4676,-97.5164,"L890340","Example Hotspot 3","H","OK"
"sim_obs_OK_013","Example Community College_2","Example Community College","campus","2020-10-13","15:47:00",35.48249,-97.54933,35.4676,-97.5164,"L313122","Personal Location 33","P","OK"
"sim_obs_OK_013","Example Community College_2","Example Community College","campus","2020-10-19","08:54:00",35.50215,-97.56762,35.4676,-97.5164,"L491469","Personal Location 23","P","OK"
"sim_obs_OK_013","Example Community College_3","Example Community College","campus","2022-12-16","11:13:00",35.4676,-97.5164,35.4676,-97.5164,"L155155","Example Community College","H","OK"
"sim_obs_OK_013","Example Community College_3","Example Community College","campus","2022-12-14","13:08:00",35.56419,-97.53601,35.4676,-97.5164,"L742310","Personal Location 15","P","OK"
"sim_obs_OK_013","Example Community College_3","Example Community College","campus","2022-12-15","16:44:00",35.42195,-97.47348,35.4676,-97.5164,"L596175","Example Hotspot 19","H","OK"
"sim_obs_OK_013","Example Community College_3","Example Community College","campus","2022-12-16","14:10:00",35.40142,-97.61313,35.4676,-97.5164,"L171449","Example Hotspot 18","H","OK"
"sim_obs_OK_013","Example Community College_3","Example Community College","campus","2022-12-16","17:15:00",35.38918,-97.44699,35.4676,-97.5164,"L575373","Personal Location 37","P","OK"
"sim_obs_OK_014","Example Community College_1","Example Community College","campus","2023-12-08","17:11:00",35.4676,-97.5164,35.4676,-97.5164,"L429501","Example Community College","H","OK"
"sim_obs_OK_014","Example Community College_1","Example Community College","campus","2023-12-08","06:52:00",35.49079,-97.59211,35.4676,-97.5164,"L832708","Personal Location 38","P","OK"
"sim_obs_OK_014","Example Community College_1","Example Community College","campus","2023-12-04","11:51:00",35.52723,-97.54154,35.4676,-97.5164,"L462538","Personal Location 1","P","OK"
"sim_obs_OK_014","Example Community College_1","Example Community College","campus","2023-12-07","08:28:00",35.4465,-97.57895,35.4676,-97.5164,"L621264","Personal Location 31","P","OK"
"sim_obs_OK_014","Example Community College_1","Example Community College","campus","2023-12-06","18:00:00",35.37301,-97.53182,35.4676,-97.5164,"L764773","Example Hotspot 13","H","OK"
"sim_obs_OK_014","Example Community College_2","Example Community College","campus","2022-11-04","11:06:00",35.4676,-97.5164,35.4676,-97.5164,"L883708","Example Community College","H","OK"
"sim_obs_OK_014","Example Community College_2","Example Community College","campus","2022-11-01","11:00:00",35.50818,-97.47163,35.4676,-97.5164,"L640344","Personal Location 35","P","OK"
"sim_obs_OK_014","Example Community College_2","Example Community College","campus","2022-11-04","14:54:00",35.52292,-97.5577,35.4676,-97.5164,"L998519","Example Hotspot 13","H","OK"
"sim_obs_OK_014","Example Community College_2","Example Community College","campus","2022-11-01","08:59:00",35.41321,-97.50201,35.4676,-97.5164,"L743567","Example Hotspot 17","H","OK"
"sim_obs_OK_014","Example Community College_2","Example Community College","campus","2022-10-30","06:38:00",35.5231,-97.58707,35.4676,-97.5164,"L379244","Example Hotspot 11","H","OK"
"sim_obs_OK_014","Example Community College_3","Example Community College","campus","2021-02-05","17:20:00",35.4676,-97.5164,35.4676,-97.5164,"L897044","Example Community College","H","OK"
"sim_obs_OK_014","Example Community College_3","Example Community College","campus","2021-02-05","13:18:00",35.38477,-97.57061,35.4676,-97.5164,"L944698","Example Hotspot 10","H","OK"
"sim_obs_OK_014","Example Community College_3","Example Community College","campus","2021-02-04","09:27:00",35.53618,-97.58447,35.4676,-97.5164,"L268140","Example Hotspot 13","H","OK"
"sim_obs_OK_014","Example Community College_3","Example Community College","campus","2021-02-02","15:00:00",35.50095,-97.45885,35.4676,-97.5164,"L829528","Personal Location 1","P","OK"
"sim_obs_OK_014","Example Community College_3","Example Community College","campus","2021-02-07","14:01:00",35.51465,-97.44644,35.4676,-97.5164,"L900977","Example Hotspot 12","H","OK"
"sim_obs_OK_015","Example Community College_1","Example Community College","campus","2021-11-06","17:42:00",35.4676,-97.5164,35.4676,-97.5164,"L632200","Example Community College","H","OK"
"sim_obs_OK_015","Example Community College_1","Example Community College","campus","2021-11-03","13:59:00",35.51904,-97.43398,35.4676,-97.5164,"L798034","Personal Location 33","P","OK"
"sim_obs_OK_015","Example Community College_1","Example Community College","campus","2021-11-04","13:53:00",35.52155,-97.48453,35.4676,-97.5164,"L503093","Example Hotspot 20","H","OK"
"sim_obs_OK_015","Example Community College_1","Example Community College","campus","2021-11-04","18:04:00",35.53587,-97.51087,35.4676,-97.5164,"L981341","Example Hotspot 13","H","OK"
"sim_obs_OK_015","Example Community College_1","Example Community College","campus","2021-11-01","14:53:00",35.46617,-97.51695,35.4676,-97.5164,"L986888","Example Hotspot 14","H","OK"
"sim_obs_OK_015","Example Community College_2","Example Community College","campus","2020-11-10","18:26:00",35.4676,-97.5164,35.4676,-97.5164,"L642654","Example Community College","H","OK"
"sim_obs_OK_015","Example Community College_2","Example Community College","campus","2020-11-07","13:14:00",35.3733,-97.46732,35.4676,-97.5164,"L705198","Personal Location 44","P","OK"
"sim_obs_OK_015","Example Community College_2","Example Community College","campus","2020-11-10","17:43:00",35.46694,-97.49848,35.4676,-97.5164,"L919326","Example Hotspot 18","H","OK"
"sim_obs_OK_015","Example Community College_2","Example Community College","campus","2020-11-10","12:03:00",35.50096,-97.51546,35.4676,-97.5164,"L558454","Personal Location 4","P","OK"
"sim_obs_OK_015","Example Community College_2","Example Community College","campus","2020-11-08","07:12:00",35.40265,-97.42955,35.4676,-97.5164,"L487745","Example Hotspot 14","H","OK"
"sim_obs_OK_015","Example Community College_3","Example Community College","campus","2021-08-13","12:13:00",35.4676,-97.5164,35.4676,-97.5164,"L854745","Example Community College","H","OK"
"sim_obs_OK_015","Example Community College_3","Example Community College","campus","2021-08-12","13:30:00",35.50936,-97.4373,35.4676,-97.5164,"L666431","Example Hotspot 3","H","OK"
"sim_obs_OK_015","Example Community College_3","Example Community College","campus","2021-08-12","17:18:00",35.53154,-97.50308,35.4676,-97.5164,"L415826","Personal Location 5","P","OK"
"sim_obs_OK_015","Example Community College_3","Example Community College","campus","2021-08-11","07:32:00",35.50926,-97.59703,35.4676,-97.5164,"L846316","Example Hotspot 1","H","OK"
"sim_obs_OK_015","Example Community College_3","Example Community College","campus","2021-08-13","18:55:00",35.51682,-97.50419,35.4676,-97.5164,"L665054","Example Hotspot 6","H","OK"
"sim_obs_TX_016","Example Nature Center_1","Example Nature Center","hotspot","2022-02-14","06:36:00",30.3,-97.8,30.3,-97.8,"L846949","Example Nature Center","H","TX"
"sim_obs_TX_016","Example Nature Center_1","Example Nature Center","hotspot","2022-02-17","09:44:00",30.17097,-97.63309,30.3,-97.8,"L158478","Example Hotspot 2","H","TX"
"sim_obs_TX_016","Example Nature Center_1","Example Nature Center","hotspot","2022-02-17","08:34:00",30.56734,-97.7235,30.3,-97.8,"L230768","Example Hotspot 8","H","TX"
"sim_obs_TX_016","Example Nature Center_1","Example Nature Center","hotspot","2022-02-17","18:52:00",30.09473,-97.91073,30.3,-97.8,"L318042","Example Hotspot 18","H","TX"
"sim_obs_TX_016","Example Nature Center_1","Example Nature Center","hotspot","2022-02-18","11:56:00",30.35099,-97.98249,30.3,-97.8,"L678043","Example Hotspot 6","H","TX"
"sim_obs_TX_016","Example Nature Center_2","Example Nature Center","hotspot","2020-09-28","09:22:00",30.3,-97.8,30.3,-97.8,"L500633","Example Nature Center","H","TX"
"sim_obs_TX_016","Example Nature Center_2","Example Nature Center","hotspot","2020-09-27","15:09:00",30.07615,-97.59686,30.3,-97.8,"L883401","Personal Location 29","P","TX"
"sim_obs_TX_016","Example Nature Center_2","Example Nature Center","hotspot","2020-09-29","09:48:00",30.54711,-98.05322,30.3,-97.8,"L635318","Example Hotspot 20","H","TX"
"sim_obs_TX_016","Example Nature Center_2","Example Nature Center","hotspot","2020-09-29","18:26:00",30.36769,-97.95216,30.3,-97.8,"L736939","Example Hotspot 3","H","TX"
"sim_obs_TX_016","Example Nature Center_2","Example Nature Center","hotspot","2020-09-28","06:47:00",30.25472,-97.763,30.3,-97.8,"L465166","Example Hotspot 8","H","TX"
"sim_obs_TX_016","Example Nature Center_3","Example Nature Center","hotspot","2024-01-05","18:29:00",30.3,-97.8,30.3,-97.8,"L413648","Example Nature Center","H","TX"
"sim_obs_TX_016","Example Nature Center_3","Example Nature Center","hotspot","2024-01-03","06:50:00",30.35592,-97.74428,30.3,-97.8,"L672073","Personal Location 19","P","TX"
"sim_obs_TX_016","Example Nature Center_3","Example Nature Center","hotspot","2024-01-05","15:16:00",30.58589,-97.60243,30.3,-97.8,"L757505","Personal Location 22","P","TX"
"sim_obs_TX_016","Example Nature Center_3","Example Nature Center","hotspot","2024-01-01","07:03:00",30.10935,-97.60025,30.3,-97.8,"L261281","Personal Location 16","P","TX"
"sim_obs_TX_016","Example Nature Center_3","Example Nature Center","hotspot","2024-01-03","08:41:00",30.27095,-97.66051,30.3,-97.8,"L661379","Personal Location 35","P","TX"
"sim_obs_TX_017","Example Nature Center_1","Example Nature Center","hotspot","2020-10-05","09:35:00",30.3,-97.8,30.3,-97.8,"L104736","Example Nature Center","H","TX"
"sim_obs_TX_017","Example Nature Center_1","Example Nature Center","hotspot","2020-10-04","07:03:00",30.44523,-97.61741,30.3,-97.8,"L228596","Example Hotspot 10","H","TX"
"sim_obs_TX_017","Example Nature Center_1","Example Nature Center","hotspot","2020-10-03","08:19:00",30.23221,-97.95057,30.3,-97.8,"L971246","Example Hotspot 18","H","TX"
"sim_obs_TX_017","Example Nature Center_1","Example Nature Center","hotspot","2020-10-02","10:01:00",30.30334,-97.98627,30.3,-97.8,"L753178","Example Hotspot 4","H","TX"
"sim_obs_TX_017","Example Nature Center_1","Example Nature Center","hotspot","2020-10-07","07:40:00",30.48996,-97.696,30.3,-97.8,"L151683","Example Hotspot 12","H","TX"
"sim_obs_TX_017","Example Nature Center_2","Example Nature Center","hotspot","2023-04-03","07:43:00",30.3,-97.8,30.3,-97.8,"L495405","Example Nature Center","H","TX"
"sim_obs_TX_017","Example Nature Center_2","Example Nature Center","hotspot","2023-03-28","18:58:00",30.12038,-97.99475,30.3,-97.8,"L318343","Personal Location 34","P","TX"
"sim_obs_TX_017","Example Nature Center_2","Example Nature Center","hotspot","2023-04-01","12:30:00",30.01179,-98.08229,30.3,-97.8,"L346858","Personal Location 22","P","TX"
"sim_obs_TX_017","Example Nature Center_2","Example Nature Center","hotspot","2023-04-03","10:17:00",30.25235,-97.75233,30.3,-97.8,"L243549","Personal Location 19","P","TX"
"sim_obs_TX_017","Example Nature Center_2","Example Nature Center","hotspot","2023-03-31","14:38:00",30.37935,-97.58003,30.3,-97.8,"L698554","Personal Location 2","P","TX"
"sim_obs_TX_017","Example Nature Center_3","Example Nature Center","hotspot","2021-08-19","09:26:00",30.3,-97.8,30.3,-97.8,"L971147","Example Nature Center","H","TX"
"sim_obs_TX_017","Example Nature Center_3","Example Nature Center","hotspot","2021-08-18","18:30:00",30.33417,-98.09546,30.3,-97.8,"L220345","Example Hotspot 6","H","TX"
"sim_obs_TX_017","Example Nature Center_3","Example Nature Center","hotspot","2021-08-16","17:15:00",30.49037,-97.63597,30.3,-97.8,"L685079","Personal Location 20","P","TX"
"sim_obs_TX_017","Example Nature Center_3","Example Nature Center","hotspot","2021-08-14","07:31:00",30.58424,-97.5075,30.3,-97.8,"L790908","Example Hotspot 10","H","TX"
"sim_obs_TX_017","Example Nature Center_3","Example Nature Center","hotspot","2021-08-14","13:45:00",30.20392,-97.86533,30.3,-97.8,"L275020","Example Hotspot 13","H","TX"
"sim_obs_TX_018","Example Nature Center_1","Example Nature Center","hotspot","2021-09-15","14:37:00",30.3,-97.8,30.3,-97.8,"L473799","Example Nature Center","H","TX"
"sim_obs_TX_018","Example Nature Center_1","Example Nature Center","hotspot","2021-09-18","18:18:00",30.34347,-97.79816,30.3,-97.8,"L814842","Example Hotspot 14","H","TX"
"sim_obs_TX_018","Example Nature Center_1","Example Nature Center","hotspot","2021-09-20","07:50:00",30.46661,-97.86651,30.3,-97.8,"L923370","Personal Location 40","P","TX"
"sim_obs_TX_018","Example Nature Center_1","Example Nature Center","hotspot","2021-09-20","11:00:00",30.45779,-97.59553,30.3,-97.8,"L898634","Example Hotspot 8","H","TX"
"sim_obs_TX_018","Example Nature Center_1","Example Nature Center","hotspot","2021-09-21","12:11:00",30.06541,-97.57486,30.3,-97.8,"L424074","Personal Location 9","P","TX"
"sim_obs_TX_018","Example Nature Center_2","Example Nature Center","hotspot","2022-08-09","14:14:00",30.3,-97.8,30.3,-97.8,"L759317","Example Nature Center","H","TX"
"sim_obs_TX_018","Example Nature Center_2","Example Nature Center","hotspot","2022-08-04","10:43:00",30.57669,-97.78136,30.3,-97.8,"L133863","Example Hotspot 11","H","TX"
"sim_obs_TX_018","Example Nature Center_2","Example Nature Center","hotspot","2022-08-04","16:43:00",30.03437,-97.89256,30.3,-97.8,"L572314","Example Hotspot 3","H","TX"
"sim_obs_TX_018","Example Nature Center_2","Example Nature Center","hotspot","2022-08-06","08:40:00",30.5614,-97.73625,30.3,-97.8,"L719800","Example Hotspot 6","H","TX"
"sim_obs_TX_018","Example Nature Center_2","Example Nature Center","hotspot","2022-08-05","10:26:00",30.32798,-97.80536,30.3,-97.8,"L352552","Personal Location 23","P","TX"
"sim_obs_TX_018","Example Nature Center_3","Example Nature Center","hotspot","2020-06-12","18:54:00",30.3,-97.8,30.3,-97.8,"L248989","Example Nature Center","H","TX"
"sim_obs_TX_018","Example Nature Center_3","Example Nature Center","hotspot","2020-06-10","14:40:00",30.53799,-97.7493,30.3,-97.8,"L618643","Personal Location 23","P","TX"
"sim_obs_TX_018","Example Nature Center_3","Example Nature Center","hotspot","2020-06-08","06:58:00",30.4724,-97.64123,30.3,-97.8,"L260058","Example Hotspot 1","H","TX"
"sim_obs_TX_018","Example Nature Center_3","Example Nature Center","hotspot","2020-06-10","17:46:00",30.12411,-97.86762,30.3,-97.8,"L239551","Example Hotspot 16","H","TX"
"sim_obs_TX_018","Example Nature Center_3","Example Nature Center","hotspot","2020-06-12","10:01:00",30.04928,-97.54148,30.3,-97.8,"L917470","Personal Location 25","P","TX"
"sim_obs_TX_019","Example Nature Center_1","Example Nature Center","hotspot","2020-07-25","12:11:00",30.3,-97.8,30.3,-97.8,"L542899","Example Nature Center","H","TX"
"sim_obs_TX_019","Example Nature Center_1","Example Nature Center","hotspot","2020-07-25","13:59:00",30.20385,-97.7594,30.3,-97.8,"L894158","Example Hotspot 20","H","TX"
"sim_obs_TX_019","Example Nature Center_1","Example Nature Center","hotspot","2020-07-30","07:27:00",30.51722,-97.85335,30.3,-97.8,"L742748","Personal Location 47","P","TX"
"sim_obs_TX_019","Example Nature Center_1","Example Nature Center","hotspot","2020-07-25","09:28:00",30.58557,-97.85313,30.3,-97.8,"L627557","Personal Location 38","P","TX"
"sim_obs_TX_019","Example Nature Center_1","Example Nature Center","hotspot","2020-07-30","09:25:00",30.46689,-97.96699,30.3,-97.8,"L273289","Personal Location 26","P","TX"
"sim_obs_TX_019","Example Nature Center_2","Example Nature Center","hotspot","2023-02-16","07:24:00",30.3,-97.8,30.3,-97.8,"L346842","Example Nature Center","H","TX"
"sim_obs_TX_019","Example Nature Center_2","Example Nature Center","hotspot","2023-02-16","10:39:00",30.17403,-97.63085,30.3,-97.8,"L829582","Example Hotspot 16","H","TX"
"sim_obs_TX_019","Example Nature Center_2","Example Nature Center","hotspot","2023-02-13","17:50:00",30.02599,-97.82754,30.3,-97.8,"L287669","Example Hotspot 7","H","TX"
"sim_obs_TX_019","Example Nature Center_2","Example Nature Center","hotspot","2023-02-16","14:06:00",30.58105,-97.54788,30.3,-97.8,"L501728","Example Hotspot 3","H","TX"
"sim_obs_TX_019","Example Nature Center_2","Example Nature Center","hotspot","2023-02-15","07:34:00",30.10167,-97.87076,30.3,-97.8,"L139074","Example Hotspot 7","H","TX"
"sim_obs_TX_019","Example Nature Center_3","Example Nature Center","hotspot","2020-08-28","09:28:00",30.3,-97.8,30.3,-97.8,"L943492","Example Nature Center","H","TX"
"sim_obs_TX_019","Example Nature Center_3","Example Nature Center","hotspot","2020-08-28","11:13:00",30.45891,-97.95287,30.3,-97.8,"L296976","Example Hotspot 16","H","TX"
"sim_obs_TX_019","Example Nature Center_3","Example Nature Center","hotspot","2020-08-30","18:26:00",30.47565,-97.91251,30.3,-97.8,"L538716","Example Hotspot 5","H","TX"
"sim_obs_TX_019","Example Nature Center_3","Example Nature Center","hotspot","2020-08-27","14:26:00",30.46542,-97.91299,30.3,-97.8,"L849569","Example Hotspot 4","H","TX"
"sim_obs_TX_019","Example Nature Center_3","Example Nature Center","hotspot","2020-08-30","09:47:00",30.55826,-97.92289,30.3,-97.8,"L235380","Example Hotspot 2","H","TX"
"sim_obs_TX_020","Example Nature Center_1","Example Nature Center","hotspot","2020-10-28","07:28:00",30.3,-97.8,30.3,-97.8,"L313088","Example Nature Center","H","TX"
"sim_obs_TX_020","Example Nature Center_1","Example Nature Center","hotspot","2020-11-03","17:44:00",30.26742,-97.58236,30.3,-97.8,"L585575","Example Hotspot 1","H","TX"
"sim_obs_TX_020","Example Nature Center_1","Example Nature Center","hotspot","2020-11-02","12:42:00",30.03284,-97.67449,30.3,-97.8,"L938422","Personal Location 1","P","TX"
"sim_obs_TX_020","Example Nature Center_1","Example Nature Center","hotspot","2020-10-28","18:38:00",30.38936,-97.71008,30.3,-97.8,"L102701","Example Hotspot 3","H","TX"
"sim_obs_TX_020","Example Nature Center_1","Example Nature Center","hotspot","2020-11-02","06:05:00",30.07862,-97.83241,30.3,-97.8,"L359595","Example Hotspot 5","H","TX"
"sim_obs_TX_020","Example Nature Center_2","Example Nature Center","hotspot","2023-02-22","18:10:00",30.3,-97.8,30.3,-97.8,"L992447","Example Nature Center","H","TX"
"sim_obs_TX_020","Example Nature Center_2","Example Nature Center","hotspot","2023-02-21","07:56:00",30.29059,-97.83461,30.3,-97.8,"L380263","Example Hotspot 2","H","TX"
"sim_obs_TX_020","Example Nature Center_2","Example Nature Center","hotspot","2023-02-22","06:23:00",30.37249,-97.9989,30.3,-97.8,"L478582","Example Hotspot 2","H","TX"
"sim_obs_TX_020","Example Nature Center_2","Example Nature Center","hotspot","2023-02-18","08:17:00",30.49516,-98.07715,30.3,-97.8,"L646994","Personal Location 22","P","TX"
"sim_obs_TX_020","Example Nature Center_2","Example Nature Center","hotspot","2023-02-17","11:41:00",30.51811,-97.77553,30.3,-97.8,"L230722","Example Hotspot 20","H","TX"
"sim_obs_TX_020","Example Nature Center_3","Example Nature Center","hotspot","2022-08-05","15:53:00",30.3,-97.8,30.3,-97.8,"L655982","Example Nature Center","H","TX"
"sim_obs_TX_020","Example Nature Center_3","Example Nature Center","hotspot","2022-08-05","15:25:00",30.17815,-97.9258,30.3,-97.8,"L127998","Example Hotspot 8","H","TX"
"sim_obs_TX_020","Example Nature Center_3","Example Nature Center","hotspot","2022-08-03","06:44:00",30.34367,-97.71352,30.3,-97.8,"L496324","Personal Location 37","P","TX"
"sim_obs_TX_020","Example Nature Center_3","Example Nature Center","hotspot","2022-08-03","06:11:00",30.28606,-98.0962,30.3,-97.8,"L538547","Example Hotspot 4","H","TX"
"sim_obs_TX_020","Example Nature Center_3","Example Nature Center","hotspot","2022-08-04","07:14:00",30.08152,-97.60341,30.3,-97.8,"L936157","Example Hotspot 5","H","TX"
"sim_obs_KS_021","Example City Park_1","Example City Park","hotspot","2019-03-24","10:31:00",39,-95.3,39,-95.3,"L998686","Example City Park","H","KS"
"sim_obs_KS_021","Example City Park_1","Example City Park","hotspot","2019-03-24","17:07:00",38.73925,-95.07001,39,-95.3,"L413373","Personal Location 25","P","KS"
"sim_obs_KS_021","Example City Park_1","Example City Park","hotspot","2019-03-23","16:05:00",38.99192,-95.0048,39,-95.3,"L201384","Example Hotspot 20","H","KS"
"sim_obs_KS_021","Example City Park_1","Example City Park","hotspot","2019-03-23","10:17:00",39.13467,-95.27039,39,-95.3,"L125192","Example Hotspot 1","H","KS"
"sim_obs_KS_021","Example City Park_1","Example City Park","hotspot","2019-03-24","09:27:00",38.85153,-95.10332,39,-95.3,"L225235","Example Hotspot 12","H","KS"
"sim_obs_KS_021","Example City Park_2","Example City Park","hotspot","2021-10-14","07:00:00",39,-95.3,39,-95.3,"L504802","Example City Park","H","KS"
"sim_obs_KS_021","Example City Park_2","Example City Park","hotspot","2021-10-17","15:24:00",38.88409,-95.31115,39,-95.3,"L895558","Example Hotspot 20","H","KS"
"sim_obs_KS_021","Example City Park_2","Example City Park","hotspot","2021-10-20","07:43:00",39.16932,-95.19641,39,-95.3,"L512437","Example Hotspot 12","H","KS"
"sim_obs_KS_021","Example City Park_2","Example City Park","hotspot","2021-10-19","17:11:00",39.26492,-95.26395,39,-95.3,"L147360","Example Hotspot 8","H","KS"
"sim_obs_KS_021","Example City Park_2","Example City Park","hotspot","2021-10-20","14:05:00",38.89926,-95.25982,39,-95.3,"L833054","Example Hotspot 5","H","KS"
"sim_obs_KS_021","Example City Park_3","Example City Park","hotspot","2020-08-30","15:57:00",39,-95.3,39,-95.3,"L373112","Example City Park","H","KS"
"sim_obs_KS_021","Example City Park_3","Example City Park","hotspot","2020-08-28","14:50:00",39.2319,-95.11349,39,-95.3,"L615954","Personal Location 11","P","KS"
"sim_obs_KS_021","Example City Park_3","Example City Park","hotspot","2020-08-29","17:32:00",39.06969,-95.32717,39,-95.3,"L238481","Example Hotspot 17","H","KS"
"sim_obs_KS_021","Example City Park_3","Example City Park","hotspot","2020-08-27","13:54:00",38.96759,-95.27493,39,-95.3,"L806057","Example Hotspot 12","H","KS"
"sim_obs_KS_021","Example City Park_3","Example City Park","hotspot","2020-08-26","18:17:00",39.18478,-95.10265,39,-95.3,"L696933","Example Hotspot 7","H","KS"
"sim_obs_KS_022","Example City Park_1","Example City Park","hotspot","2022-02-25","08:45:00",39,-95.3,39,-95.3,"L641360","Example City Park","H","KS"
"sim_obs_KS_022","Example City Park_1","Example City Park","hotspot","2022-02-20","17:35:00",39.15006,-95.426,39,-95.3,"L368166","Example Hotspot 7","H","KS"
"sim_obs_KS_022","Example City Park_1","Example City Park","hotspot","2022-02-24","14:17:00",38.71299,-95.41462,39,-95.3,"L145561","Personal Location 35","P","KS"
"sim_obs_KS_022","Example City Park_1","Example City Park","hotspot","2022-02-25","18:45:00",39.20169,-95.57074,39,-95.3,"L306168","Example Hotspot 9","H","KS"
"sim_obs_KS_022","Example City Park_1","Example City Park","hotspot","2022-02-25","12:02:00",38.71566,-95.4173,39,-95.3,"L313995","Personal Location 20","P","KS"
"sim_obs_KS_022","Example City Park_2","Example City Park","hotspot","2019-09-24","09:15:00",39,-95.3,39,-95.3,"L332027","Example City Park","H","KS"
"sim_obs_KS_022","Example City Park_2","Example City Park","hotspot","2019-09-28","15:07:00",38.967,-95.18042,39,-95.3,"L166281","Example Hotspot 14","H","KS"
"sim_obs_KS_022","Example City Park_2","Example City Park","hotspot","2019-09-28","15:44:00",39.28993,-95.33832,39,-95.3,"L679244","Personal Location 13","P","KS"
"sim_obs_KS_022","Example City Park_2","Example City Park","hotspot","2019-09-26","11:01:00",39.16946,-95.47211,39,-95.3,"L200046","Example Hotspot 20","H","KS"
"sim_obs_KS_022","Example City Park_2","Example City Park","hotspot","2019-09-24","10:57:00",38.87078,-95.49778,39,-95.3,"L460939","Example Hotspot 15","H","KS"
"sim_obs_KS_022","Example City Park_3","Example City Park","hotspot","2021-11-22","15:34:00",39,-95.3,39,-95.3,"L129258","Example City Park","H","KS"
"sim_obs_KS_022","Example City Park_3","Example City Park","hotspot","2021-11-17","09:52:00",39.25236,-95.45588,39,-95.3,"L426076","Personal Location 31","P","KS"
"sim_obs_KS_022","Example City Park_3","Example City Park","hotspot","2021-11-22","10:59:00",38.9819,-95.26637,39,-95.3,"L721289","Personal Location 9","P","KS"
"sim_obs_KS_022","Example City Park_3","Example City Park","hotspot","2021-11-17","17:01:00",39.2935,-95.16234,39,-95.3,"L596662","Example Hotspot 9","H","KS"
"sim_obs_KS_022","Example City Park_3","Example City Park","hotspot","2021-11-23","12:29:00",38.79677,-95.17406,39,-95.3,"L660108","Personal Location 1","P","KS"
"sim_obs_KS_023","Example City Park_1","Example City Park","hotspot","2023-08-11","13:15:00",39,-95.3,39,-95.3,"L572411","Example City Park","H","KS"
"sim_obs_KS_023","Example City Park_1","Example City Park","hotspot","2023-08-11","09:09:00",39.11727,-95.40594,39,-95.3,"L870823","Example Hotspot 8","H","KS"
"sim_obs_KS_023","Example City Park_1","Example City Park","hotspot","2023-08-11","14:15:00",38.89175,-95.21932,39,-95.3,"L953332","Example Hotspot 4","H","KS"
"sim_obs_KS_023","Example City Park_1","Example City Park","hotspot","2023-08-16","09:09:00",39.06918,-95.54951,39,-95.3,"L854430","Example Hotspot 11","H","KS"
"sim_obs_KS_023","Example City Park_1","Example City Park","hotspot","2023-08-14","10:53:00",39.17931,-95.50668,39,-95.3,"L127574","Example Hotspot 6","H","KS"
"sim_obs_KS_023","Example City Park_2","Example City Park","hotspot","2019-08-16","15:28:00",39,-95.3,39,-95.3,"L569396","Example City Park","H","KS"
"sim_obs_KS_023","Example City Park_2","Example City Park","hotspot","2019-08-14","18:44:00",38.78692,-95.14487,39,-95.3,"L394375","Example Hotspot 8","H","KS"
"sim_obs_KS_023","Example City Park_2","Example City Park","hotspot","2019-08-11","17:48:00",39.11268,-95.55194,39,-95.3,"L915768","Example Hotspot 7","H","KS"
"sim_obs_KS_023","Example City Park_2","Example City Park","hotspot","2019-08-14","16:21:00",38.86215,-95.25427,39,-95.3,"L805166","Personal Location 16","P","KS"
"sim_obs_KS_023","Example City Park_2","Example City Park","hotspot","2019-08-15","09:00:00",38.89235,-95.20068,39,-95.3,"L386727","Example Hotspot 12","H","KS"
"sim_obs_KS_023","Example City Park_3","Example City Park","hotspot","2023-06-09","07:16:00",39,-95.3,39,-95.3,"L153148","Example City Park","H","KS"
"sim_obs_KS_023","Example City Park_3","Example City Park","hotspot","2023-06-08","14:18:00",38.84378,-95.31069,39,-95.3,"L292399","Personal Location 12","P","KS"
"sim_obs_KS_023","Example City Park_3","Example City Park","hotspot","2023-06-08","09:43:00",39.09217,-95.45071,39,-95.3,"L203870","Personal Location 2","P","KS"
"sim_obs_KS_023","Example City Park_3","Example City Park","hotspot","2023-06-13","17:12:00",38.99809,-95.15423,39,-95.3,"L955862","Example Hotspot 8","H","KS"
"sim_obs_KS_023","Example City Park_3","Example City Park","hotspot","2023-06-11","08:02:00",38.90265,-95.3415,39,-95.3,"L407047","Personal Location 50","P","KS"
"sim_obs_KS_024","Example City Park_1","Example City Park","hotspot","2023-11-27","09:22:00",39,-95.3,39,-95.3,"L786990","Example City Park","H","KS"
"sim_obs_KS_024","Example City Park_1","Example City Park","hotspot","2023-11-29","18:46:00",39.02411,-95.036,39,-95.3,"L702965","Personal Location 47","P","KS"
"sim_obs_KS_024","Example City Park_1","Example City Park","hotspot","2023-12-02","16:12:00",39.2999,-95.28018,39,-95.3,"L990151","Example Hotspot 9","H","KS"
"sim_obs_KS_024","Example City Park_1","Example City Park","hotspot","2023-11-27","13:23:00",39.20728,-95.36146,39,-95.3,"L899522","Personal Location 20","P","KS"
"sim_obs_KS_024","Example City Park_1","Example City Park","hotspot","2023-11-29","11:30:00",38.98618,-95.54673,39,-95.3,"L481396","Example Hotspot 4","H","KS"
"sim_obs_KS_024","Example City Park_2","Example City Park","hotspot","2022-02-12","12:19:00",39,-95.3,39,-95.3,"L854566","Example City Park","H","KS"
"sim_obs_KS_024","Example City Park_2","Example City Park","hotspot","2022-02-09","14:17:00",39.22934,-95.35715,39,-95.3,"L814430","Example Hotspot 20","H","KS"
"sim_obs_KS_024","Example City Park_2","Example City Park","hotspot","2022-02-09","12:46:00",39.2589,-95.2238,39,-95.3,"L936511","Example Hotspot 5","H","KS"
"sim_obs_KS_024","Example City Park_2","Example City Park","hotspot","2022-02-12","09:56:00",39.26034,-95.21463,39,-95.3,"L423053","Example Hotspot 10","H","KS"
"sim_obs_KS_024","Example City Park_2","Example City Park","hotspot","2022-02-10","16:57:00",39.25573,-95.01354,39,-95.3,"L421251","Example Hotspot 11","H","KS"
"sim_obs_KS_024","Example City Park_3","Example City Park","hotspot","2021-10-24","14:35:00",39,-95.3,39,-95.3,"L242935","Example City Park","H","KS"
"sim_obs_KS_024","Example City Park_3","Example City Park","hotspot","2021-10-19","14:03:00",39.21465,-95.50293,39,-95.3,"L800433","Example Hotspot 4","H","KS"
"sim_obs_KS_024","Example City Park_3","Example City Park","hotspot","2021-10-25","08:56:00",39.14689,-95.05511,39,-95.3,"L171248","Personal Location 30","P","KS"
"sim_obs_KS_024","Example City Park_3","Example City Park","hotspot","2021-10-25","10:43:00",39.18745,-95.27262,39,-95.3,"L279624","Example Hotspot 18","H","KS"
"sim_obs_KS_024","Example City Park_3","Example City Park","hotspot","2021-10-22","16:51:00",39.0744,-95.52213,39,-95.3,"L151545","Example Hotspot 1","H","KS"
"sim_obs_KS_025","Example City Park_1","Example City Park","hotspot","2023-11-29","09:18:00",39,-95.3,39,-95.3,"L737082","Example City Park","H","KS"
"sim_obs_KS_025","Example City Park_1","Example City Park","hotspot","2023-11-23","11:59:00",38.72911,-95.4796,39,-95.3,"L636803","Example Hotspot 18","H","KS"
"sim_obs_KS_025","Example City Park_1","Example City Park","hotspot","2023-11-27","13:45:00",38.78111,-95.08748,39,-95.3,"L526142","Personal Location 49","P","KS"
"sim_obs_KS_025","Example City Park_1","Example City Park","hotspot","2023-11-29","12:56:00",38.7444,-95.16572,39,-95.3,"L375466","Personal Location 2","P","KS"
"sim_obs_KS_025","Example City Park_1","Example City Park","hotspot","2023-11-23","18:03:00",38.7987,-95.01777,39,-95.3,"L711766","Example Hotspot 17","H","KS"
"sim_obs_KS_025","Example City Park_2","Example City Park","hotspot","2023-12-13","13:11:00",39,-95.3,39,-95.3,"L438693","Example City Park","H","KS"
"sim_obs_KS_025","Example City Park_2","Example City Park","hotspot","2023-12-14","06:12:00",39.23268,-95.48193,39,-95.3,"L753392","Example Hotspot 14","H","KS"
"sim_obs_KS_025","Example City Park_2","Example City Park","hotspot","2023-12-13","06:51:00",39.21744,-95.22929,39,-95.3,"L982052","Example Hotspot 3","H","KS"
"sim_obs_KS_025","Example City Park_2","Example City Park","hotspot","2023-12-17","07:17:00",38.7924,-95.08001,39,-95.3,"L768663","Personal Location 30","P","KS"
"sim_obs_KS_025","Example City Park_2","Example City Park","hotspot","2023-12-16","06:08:00",39.20687,-95.41523,39,-95.3,"L187383","Personal Location 26","P","KS"
"sim_obs_KS_025","Example City Park_3","Example City Park","hotspot","2023-12-12","06:20:00",39,-95.3,39,-95.3,"L582751","Example City Park","H","KS"
"sim_obs_KS_025","Example City Park_3","Example City Park","hotspot","2023-12-14","09:50:00",38.77928,-95.22895,39,-95.3,"L846916","Example Hotspot 15","H","KS"
"sim_obs_KS_025","Example City Park_3","Example City Park","hotspot","2023-12-10","10:52:00",38.85874,-95.00885,39,-95.3,"L305720","Example Hotspot 20","H","KS"
"sim_obs_KS_025","Example City Park_3","Example City Park","hotspot","2023-12-13","13:58:00",38.90092,-95.47037,39,-95.3,"L371914","Example Hotspot 11","H","KS"
"sim_obs_KS_025","Example City Park_3","Example City Park","hotspot","2023-12-09","08:45:00",39.16764,-95.25272,39,-95.3,"L448015","Example Hotspot 4","H","KS"
"sim_obs_OK_026","Example Wildlife Refuge_1","Example Wildlife Refuge","hotspot","2021-05-18","11:11:00",35.5,-97.6,35.5,-97.6,"L107273","Example Wildlife Refuge","H","OK"
"sim_obs_OK_026","Example Wildlife Refuge_1","Example Wildlife Refuge","hotspot","2021-05-20","11:59:00",35.34474,-97.71992,35.5,-97.6,"L717759","Example Hotspot 16","H","OK"
"sim_obs_OK_026","Example Wildlife Refuge_1","Example Wildlife Refuge","hotspot","2021-05-24","17:16:00",35.37045,-97.31141,35.5,-97.6,"L735193","Personal Location 8","P","OK"
"sim_obs_OK_026","Example Wildlife Refuge_1","Example Wildlife Refuge","hotspot","2021-05-20","17:24:00",35.53555,-97.34684,35.5,-97.6,"L237672","Example Hotspot 20","H","OK"
"sim_obs_OK_026","Example Wildlife Refuge_1","Example Wildlife Refuge","hotspot","2021-05-19","17:04:00",35.78225,-97.74786,35.5,-97.6,"L242776","Personal Location 14","P","OK"
"sim_obs_OK_026","Example Wildlife Refuge_2","Example Wildlife Refuge","hotspot","2019-02-05","12:58:00",35.5,-97.6,35.5,-97.6,"L504563","Example Wildlife Refuge","H","OK"
"sim_obs_OK_026","Example Wildlife Refuge_2","Example Wildlife Refuge","hotspot","2019-02-03","10:37:00",35.73441,-97.43457,35.5,-97.6,"L483341","Example Hotspot 7","H","OK"
"sim_obs_OK_026","Example Wildlife Refuge_2","Example Wildlife Refuge","hotspot","2019-02-03","11:35:00",35.55969,-97.87967,35.5,-97.6,"L324391","Example Hotspot 1","H","OK"
"sim_obs_OK_026","Example Wildlife Refuge_2","Example Wildlife Refuge","hotspot","2019-02-04","14:25:00",35.76327,-97.32814,35.5,-97.6,"L718824","Example Hotspot 7","H","OK"
"sim_obs_OK_026","Example Wildlife Refuge_2","Example Wildlife Refuge","hotspot","2019-02-08","10:46:00",35.57244,-97.56687,35.5,-97.6,"L386373","Example Hotspot 17","H","OK"
"sim_obs_OK_026","Example Wildlife Refuge_3","Example Wildlife Refuge","hotspot","2019-05-31","08:47:00",35.5,-97.6,35.5,-97.6,"L764972","Example Wildlife Refuge","H","OK"
"sim_obs_OK_026","Example Wildlife Refuge_3","Example Wildlife Refuge","hotspot","2019-05-28","14:24:00",35.5771,-97.62752,35.5,-97.6,"L528394","Personal Location 24","P","OK"
"sim_obs_OK_026","Example Wildlife Refuge_3","Example Wildlife Refuge","hotspot","2019-06-02","06:02:00",35.53502,-97.31368,35.5,-97.6,"L974872","Example Hotspot 14","H","OK"
"sim_obs_OK_026","Example Wildlife Refuge_3","Example Wildlife Refuge","hotspot","2019-05-31","14:36:00",35.77495,-97.56923,35.5,-97.6,"L935089","Example Hotspot 16","H","OK"
"sim_obs_OK_026","Example Wildlife Refuge_3","Example Wildlife Refuge","hotspot","2019-06-02","10:47:00",35.2936,-97.41507,35.5,-97.6,"L351894","Personal Location 41","P","OK"
"sim_obs_OK_027","Example Wildlife Refuge_1","Example Wildlife Refuge","hotspot","2023-01-10","06:09:00",35.5,-97.6,35.5,-97.6,"L908963","Example Wildlife Refuge","H","OK"
"sim_obs_OK_027","Example Wildlife Refuge_1","Example Wildlife Refuge","hotspot","2023-01-07","08:48:00",35.39048,-97.57516,35.5,-97.6,"L919588","Example Hotspot 11","H","OK"
"sim_obs_OK_027","Example Wildlife Refuge_1","Example Wildlife Refuge","hotspot","2023-01-05","07:36:00",35.66629,-97.31757,35.5,-97.6,"L322870","Personal Location 28","P","OK"
"sim_obs_OK_027","Example Wildlife Refuge_1","Example Wildlife Refuge","hotspot","2023-01-11","06:20:00",35.38537,-97.51978,35.5,-97.6,"L707549","Example Hotspot 20","H","OK"
"sim_obs_OK_027","Example Wildlife Refuge_1","Example Wildlife Refuge","hotspot","2023-01-05","06:55:00",35.77871,-97.39566,35.5,-97.6,"L710146","Example Hotspot 14","H","OK"
"sim_obs_OK_027","Example Wildlife Refuge_2","Example Wildlife Refuge","hotspot","2020-11-23","18:23:00",35.5,-97.6,35.5,-97.6,"L484920","Example Wildlife Refuge","H","OK"
"sim_obs_OK_027","Example Wildlife Refuge_2","Example Wildlife Refuge","hotspot","2020-11-20","15:43:00",35.75713,-97.5509,35.5,-97.6,"L715798","Personal Location 28","P","OK"
"sim_obs_OK_027","Example Wildlife Refuge_2","Example Wildlife Refuge","hotspot","2020-11-23","18:55:00",35.31551,-97.73534,35.5,-97.6,"L953082","Personal Location 13","P","OK"
"sim_obs_OK_027","Example Wildlife Refuge_2","Example Wildlife Refuge","hotspot","2020-11-19","08:15:00",35.53681,-97.81982,35.5,-97.6,"L549857","Example Hotspot 16","H","OK"
"sim_obs_OK_027","Example Wildlife Refuge_2","Example Wildlife Refuge","hotspot","2020-11-18","13:38:00",35.53287,-97.66016,35.5,-97.6,"L315561","Personal Location 39","P","OK"
"sim_obs_OK_027","Example Wildlife Refuge_3","Example Wildlife Refuge","hotspot","2021-06-03","16:45:00",35.5,-97.6,35.5,-97.6,"L602741","Example Wildlife Refuge","H","OK"
"sim_obs_OK_027","Example Wildlife Refuge_3","Example Wildlife Refuge","hotspot","2021-06-04","07:58:00",35.65812,-97.78707,35.5,-97.6,"L513984","Example Hotspot 2","H","OK"
"sim_obs_OK_027","Example Wildlife Refuge_3","Example Wildlife Refuge","hotspot","2021-06-05","16:03:00",35.30279,-97.52239,35.5,-97.6,"L537084","Example Hotspot 2","H","OK"
"sim_obs_OK_027","Example Wildlife Refuge_3","Example Wildlife Refuge","hotspot","2021-06-05","18:19:00",35.43709,-97.88464,35.5,-97.6,"L658496","Personal Location 8","P","OK"
"sim_obs_OK_027","Example Wildlife Refuge_3","Example Wildlife Refuge","hotspot","2021-06-02","14:09:00",35.24811,-97.32403,35.5,-97.6,"L936910","Example Hotspot 18","H","OK"
"sim_obs_OK_028","Example Wildlife Refuge_1","Example Wildlife Refuge","hotspot","2023-01-09","18:13:00",35.5,-97.6,35.5,-97.6,"L357040","Example Wildlife Refuge","H","OK"
"sim_obs_OK_028","Example Wildlife Refuge_1","Example Wildlife Refuge","hotspot","2023-01-07","16:43:00",35.58907,-97.73503,35.5,-97.6,"L332163","Example Hotspot 17","H","OK"
"sim_obs_OK_028","Example Wildlife Refuge_1","Example Wildlife Refuge","hotspot","2023-01-07","15:21:00",35.56282,-97.5633,35.5,-97.6,"L811359","Example Hotspot 10","H","OK"
"sim_obs_OK_028","Example Wildlife Refuge_1","Example Wildlife Refuge","hotspot","2023-01-10","18:53:00",35.6366,-97.50683,35.5,-97.6,"L917012","Personal Location 4","P","OK"
"sim_obs_OK_028","Example Wildlife Refuge_1","Example Wildlife Refuge","hotspot","2023-01-08","10:57:00",35.72114,-97.56951,35.5,-97.6,"L623662","Example Hotspot 5","H","OK"
"sim_obs_OK_028","Example Wildlife Refuge_2","Example Wildlife Refuge","hotspot","2020-06-10","18:57:00",35.5,-97.6,35.5,-97.6,"L866936","Example Wildlife Refuge","H","OK"
"sim_obs_OK_028","Example Wildlife Refuge_2","Example Wildlife Refuge","hotspot","2020-06-11","08:51:00",35.23465,-97.52051,35.5,-97.6,"L338516","Personal Location 8","P","OK"
"sim_obs_OK_028","Example Wildlife Refuge_2","Example Wildlife Refuge","hotspot","2020-06-14","13:02:00",35.21989,-97.84947,35.5,-97.6,"L139501","Example Hotspot 9","H","OK"
"sim_obs_OK_028","Example Wildlife Refuge_2","Example Wildlife Refuge","hotspot","2020-06-09","08:38:00",35.65066,-97.49214,35.5,-97.6,"L650428","Example Hotspot 4","H","OK"
"sim_obs_OK_028","Example Wildlife Refuge_2","Example Wildlife Refuge","hotspot","2020-06-09","06:04:00",35.26133,-97.55327,35.5,-97.6,"L915751","Personal Location 49","P","OK"
"sim_obs_OK_028","Example Wildlife Refuge_3","Example Wildlife Refuge","hotspot","2019-06-24","10:23:00",35.5,-97.6,35.5,-97.6,"L457076","Example Wildlife Refuge","H","OK"
"sim_obs_OK_028","Example Wildlife Refuge_3","Example Wildlife Refuge","hotspot","2019-06-24","16:52:00",35.45151,-97.82839,35.5,-97.6,"L925683","Example Hotspot 9","H","OK"
"sim_obs_OK_028","Example Wildlife Refuge_3","Example Wildlife Refuge","hotspot","2019-06-23","16:18:00",35.22537,-97.64517,35.5,-97.6,"L863019","Example Hotspot 5","H","OK"
"sim_obs_OK_028","Example Wildlife Refuge_3","Example Wildlife Refuge","hotspot","2019-06-21","09:00:00",35.61246,-97.76973,35.5,-97.6,"L103513","Personal Location 26","P","OK"
"sim_obs_OK_028","Example Wildlife Refuge_3","Example Wildlife Refuge","hotspot","2019-06-21","13:49:00",35.60403,-97.88267,35.5,-97.6,"L284424","Example Hotspot 9","H","OK"
"sim_obs_OK_029","Example Wildlife Refuge_1","Example Wildlife Refuge","hotspot","2019-08-15","09:07:00",35.5,-97.6,35.5,-97.6,"L717027","Example Wildlife Refuge","H","OK"
"sim_obs_OK_029","Example Wildlife Refuge_1","Example Wildlife Refuge","hotspot","2019-08-16","11:07:00",35.4389,-97.75304,35.5,-97.6,"L814102","Example Hotspot 2","H","OK"
"sim_obs_OK_029","Example Wildlife Refuge_1","Example Wildlife Refuge","hotspot","2019-08-20","09:46:00",35.75768,-97.67516,35.5,-97.6,"L603396","Personal Location 24","P","OK"
"sim_obs_OK_029","Example Wildlife Refuge_1","Example Wildlife Refuge","hotspot","2019-08-14","17:00:00",35.20023,-97.76957,35.5,-97.6,"L344471","Example Hotspot 6","H","OK"
"sim_obs_OK_029","Example Wildlife Refuge_1","Example Wildlife Refuge","hotspot","2019-08-19","12:58:00",35.26838,-97.73803,35.5,-97.6,"L947444","Personal Location 21","P","OK"
"sim_obs_OK_029","Example Wildlife Refuge_2","Example Wildlife Refuge","hotspot","2022-01-08","15:32:00",35.5,-97.6,35.5,-97.6,"L118873","Example Wildlife Refuge","H","OK"
"sim_obs_OK_029","Example Wildlife Refuge_2","Example Wildlife Refuge","hotspot","2022-01-06","16:41:00",35.35921,-97.80047,35.5,-97.6,"L320851","Example Hotspot 11","H","OK"
"sim_obs_OK_029","Example Wildlife Refuge_2","Example Wildlife Refuge","hotspot","2022-01-07","13:01:00",35.63657,-97.70986,35.5,-97.6,"L909243","Personal Location 3","P","OK"
"sim_obs_OK_029","Example Wildlife Refuge_2","Example Wildlife Refuge","hotspot","2022-01-06","11:00:00",35.37533,-97.70675,35.5,-97.6,"L305180","Personal Location 47","P","OK"
"sim_obs_OK_029","Example Wildlife Refuge_2","Example Wildlife Refuge","hotspot","2022-01-11","07:17:00",35.52665,-97.79245,35.5,-97.6,"L415315","Example Hotspot 13","H","OK"
"sim_obs_OK_029","Example Wildlife Refuge_3","Example Wildlife Refuge","hotspot","2019-07-08","09:04:00",35.5,-97.6,35.5,-97.6,"L884976","Example Wildlife Refuge","H","OK"
"sim_obs_OK_029","Example Wildlife Refuge_3","Example Wildlife Refuge","hotspot","2019-07-10","10:22:00",35.55335,-97.63679,35.5,-97.6,"L370499","Example Hotspot 19","H","OK"
"sim_obs_OK_029","Example Wildlife Refuge_3","Example Wildlife Refuge","hotspot","2019-07-05","15:28:00",35.55039,-97.49971,35.5,-97.6,"L664024","Personal Location 16","P","OK"
"sim_obs_OK_029","Example Wildlife Refuge_3","Example Wildlife Refuge","hotspot","2019-07-07","13:16:00",35.62001,-97.46113,35.5,-97.6,"L480471","Example Hotspot 13","H","OK"
"sim_obs_OK_029","Example Wildlife Refuge_3","Example Wildlife Refuge","hotspot","2019-07-05","10:14:00",35.42438,-97.55403,35.5,-97.6,"L263203","Personal Location 40","P","OK"
"sim_obs_OK_030","Example Wildlife Refuge_1","Example Wildlife Refuge","hotspot","2019-10-30","14:00:00",35.5,-97.6,35.5,-97.6,"L667639","Example Wildlife Refuge","H","OK"
"sim_obs_OK_030","Example Wildlife Refuge_1","Example Wildlife Refuge","hotspot","2019-10-30","07:44:00",35.7893,-97.41192,35.5,-97.6,"L606153","Example Hotspot 18","H","OK"
"sim_obs_OK_030","Example Wildlife Refuge_1","Example Wildlife Refuge","hotspot","2019-10-24","15:09:00",35.61604,-97.81237,35.5,-97.6,"L904691","Example Hotspot 18","H","OK"
"sim_obs_OK_030","Example Wildlife Refuge_1","Example Wildlife Refuge","hotspot","2019-10-25","08:50:00",35.48436,-97.81804,35.5,-97.6,"L747753","Example Hotspot 20","H","OK"
"sim_obs_OK_030","Example Wildlife Refuge_1","Example Wildlife Refuge","hotspot","2019-10-30","18:24:00",35.62317,-97.74168,35.5,-97.6,"L908954","Example Hotspot 11","H","OK"
"sim_obs_OK_030","Example Wildlife Refuge_2","Example Wildlife Refuge","hotspot","2020-11-10","17:23:00",35.5,-97.6,35.5,-97.6,"L750111","Example Wildlife Refuge","H","OK"
"sim_obs_OK_030","Example Wildlife Refuge_2","Example Wildlife Refuge","hotspot","2020-11-08","16:25:00",35.67495,-97.74719,35.5,-97.6,"L909488","Example Hotspot 19","H","OK"
"sim_obs_OK_030","Example Wildlife Refuge_2","Example Wildlife Refuge","hotspot","2020-11-11","14:26:00",35.22145,-97.51217,35.5,-97.6,"L209120","Example Hotspot 8","H","OK"
"sim_obs_OK_030","Example Wildlife Refuge_2","Example Wildlife Refuge","hotspot","2020-11-11","11:56:00",35.41846,-97.64043,35.5,-97.6,"L854334","Personal Location 7","P","OK"
"sim_obs_OK_030","Example Wildlife Refuge_2","Example Wildlife Refuge","hotspot","2020-11-08","18:21:00",35.66922,-97.57149,35.5,-97.6,"L292998","Example Hotspot 1","H","OK"
"sim_obs_OK_030","Example Wildlife Refuge_3","Example Wildlife Refuge","hotspot","2019-10-19","09:53:00",35.5,-97.6,35.5,-97.6,"L980458","Example Wildlife Refuge","H","OK"
"sim_obs_OK_030","Example Wildlife Refuge_3","Example Wildlife Refuge","hotspot","2019-10-16","14:03:00",35.77961,-97.49379,35.5,-97.6,"L956819","Example Hotspot 19","H","OK"
"sim_obs_OK_030","Example Wildlife Refuge_3","Example Wildlife Refuge","hotspot","2019-10-15","07:22:00",35.4478,-97.31128,35.5,-97.6,"L352309","Example Hotspot 7","H","OK"
"sim_obs_OK_030","Example Wildlife Refuge_3","Example Wildlife Refuge","hotspot","2019-10-15","10:54:00",35.52773,-97.45722,35.5,-97.6,"L173766","Personal Location 12","P","OK"
"sim_obs_OK_030","Example Wildlife Refuge_3","Example Wildlife Refuge","hotspot","2019-10-16","11:53:00",35.71434,-97.35688,35.5,-97.6,"L800346","Personal Location 17","P","OK"
